[{"id":"1994","field_id":4,"fields":[{"id":"0","type":"name","label":"Name","format":"simple","description":"","required":"1","size":"large","simple_placeholder":"Name","simple_default":"","first_placeholder":"First Name","first_default":"","middle_placeholder":"","middle_default":"","last_placeholder":"Last Name","last_default":"","label_hide":"1","sublabel_hide":"1","css":""},{"id":"1","type":"email","label":"Email","description":"","required":"1","size":"large","placeholder":"Email","confirmation_placeholder":"","label_hide":"1","default_value":"","css":""},{"id":"2","type":"textarea","label":"Comment or Message","description":"","required":"1","size":"medium","placeholder":"Message","label_hide":"1","css":""}],"settings":{"form_title":"Submit Your Query ","form_desc":"Have a Query? Send it to us.","form_class":"","submit_text":"Submit","submit_text_processing":"Sending...","submit_class":"","honeypot":"1","notification_enable":"1","notifications":{"1":{"email":"{admin_email}","subject":"New Entry: Simple Contact Form","sender_name":"{field_id=\"0\"}","sender_address":"{admin_email}","replyto":"{field_id=\"1\"}","message":"{all_fields}"}},"confirmations":{"1":{"type":"message","message":"<p>Thanks for contacting us! We will be in touch with you shortly.<\/p>","message_scroll":"1","page":"600","redirect":""}}},"meta":{"template":"contact"}},{"id":"1220","field_id":4,"fields":{"0":{"id":"0","type":"name","label":"Your Name","format":"simple","description":"","required":"1","size":"large","simple_placeholder":"Your Name","simple_default":"","first_placeholder":"","first_default":"","middle_placeholder":"","middle_default":"","last_placeholder":"","last_default":"","label_hide":"1","css":""},"1":{"id":"1","type":"email","label":"Email","description":"","required":"1","size":"large","placeholder":"Your Mail","confirmation_placeholder":"","label_hide":"1","default_value":"","css":""},"3":{"id":"3","type":"text","label":"Your Phone","description":"","size":"large","placeholder":"Your Phone","label_hide":"1","default_value":"","css":"","input_mask":""}},"settings":{"form_title":"Get 50 Courses Free!","form_desc":"Sign Up Now","form_class":"","submit_text":"Get It Now ","submit_text_processing":"Sending...","submit_class":"","honeypot":"1","notification_enable":"1","notifications":{"1":{"email":"{admin_email}","subject":"New Entry: Simple Contact Form","sender_name":"{field_id=\"0\"}","sender_address":"{admin_email}","replyto":"{field_id=\"1\"}","message":"{all_fields}"}},"confirmations":{"1":{"type":"message","message":"<p>Thanks for contacting us! We will be in touch with you shortly.<\/p>","message_scroll":"1","page":"928","redirect":""}}},"meta":{"template":"contact"}},{"id":1219,"field_id":3,"fields":[{"id":"0","type":"name","label":"Name","format":"first-last","description":"","required":"1","size":"large","simple_placeholder":"","simple_default":"","first_placeholder":"First Name","first_default":"","middle_placeholder":"","middle_default":"","last_placeholder":"Last Name","last_default":"","label_hide":"1","sublabel_hide":"1","css":""},{"id":"1","type":"email","label":"Email","description":"","required":"1","size":"large","placeholder":"Email","confirmation_placeholder":"","label_hide":"1","default_value":"","css":""},{"id":"2","type":"textarea","label":"Comment or Message","description":"","required":"1","size":"medium","placeholder":"Message","label_hide":"1","css":""}],"settings":{"form_title":"Contact Us","form_desc":"","form_class":"","submit_text":"Submit","submit_text_processing":"Sending...","submit_class":"","honeypot":"1","notification_enable":"1","notifications":{"1":{"email":"{admin_email}","subject":"New Entry: Simple Contact Form","sender_name":"{field_id=\"0\"}","sender_address":"{admin_email}","replyto":"{field_id=\"1\"}","message":"{all_fields}"}},"confirmations":{"1":{"type":"message","message":"<p>Thanks for contacting us! We will be in touch with you shortly.<\/p>","message_scroll":"1","page":"600","redirect":""}}},"meta":{"template":"contact"}}]